Family ID,Individual ID,Blank,Blank2,Sex,Age,Education,Blank,rs715-1,rs715-2,rs116-1,rs116-2,rs128-1,rs128-2,rs171-1,rs171-2,Temporal Surface Area
1,014_S_0520,0,0,0,77.7,16,-9,A,A,C,C,A,A,C,C,21156
2,005_S_1341,0,0,0,71.6,12,-9,A,A,C,C,A,A,C,C,19359
3,012_S_1175,0,0,1,72.7,13,-9,G,G,C,C,A,A,C,C,21204
4,012_S_0803,0,0,0,84.7,12,-9,G,A,C,C,A,A,C,C,24319
5,018_S_0055,0,0,1,75.5,20,-9,A,A,C,C,A,A,C,C,24642
6,027_S_0118,0,0,1,80.4,20,-9,G,A,C,C,C,A,C,C,22083
7,027_S_0403,0,0,1,76.3,16,-9,A,A,C,C,A,A,C,C,20233
8,053_S_0389,0,0,0,71.5,16,-9,G,A,C,C,A,A,C,C,21480
9,041_S_0262,0,0,1,85.8,14,-9,G,A,C,C,C,A,C,C,20939
10,005_S_1224,0,0,1,81.1,16,-9,G,A,C,C,A,A,C,C,26302
12,010_S_0472,0,0,1,72,20,-9,A,A,C,C,A,A,C,C,18715
13,035_S_0048,0,0,1,78.3,14,-9,G,A,C,C,A,A,C,C,19699
14,098_S_0171,0,0,0,78.3,17,-9,A,A,C,C,A,A,C,C,17160
15,099_S_0470,0,0,0,86.6,13,-9,G,A,C,C,A,A,C,C,18083
16,128_S_0245,0,0,0,73.8,10,-9,G,A,C,C,A,A,C,C,23064
17,137_S_0825,0,0,1,87,12,-9,A,A,C,C,C,A,C,C,17413
18,128_S_0266,0,0,1,85.5,20,-9,A,A,C,C,A,A,C,C,20316
19,067_S_0243,0,0,0,68,15,-9,A,A,C,C,A,A,C,C,20265
21,016_S_1138,0,0,1,67.4,12,-9,A,A,C,C,A,A,C,C,20392
22,011_S_0023,0,0,1,71.7,14,-9,A,A,C,C,C,A,C,C,21567
23,033_S_1116,0,0,1,83.4,18,-9,G,A,C,C,A,A,C,C,26198
24,007_S_0070,0,0,1,74,14,-9,A,A,C,C,A,A,C,C,20724
25,133_S_1170,0,0,1,72.9,13,-9,G,A,C,C,A,A,C,C,18703
26,128_S_0522,0,0,1,69.9,17,-9,A,A,C,C,C,C,C,C,25059
27,141_S_1245,0,0,0,71.3,14,-9,A,A,C,C,A,A,C,C,19451
28,016_S_0359,0,0,0,81.3,14,-9,A,A,C,C,A,A,C,C,17426
29,007_S_1304,0,0,0,74.7,8,-9,A,A,C,C,A,A,C,C,19688
30,012_S_1212,0,0,0,75.3,17,-9,A,A,C,C,C,A,T,C,22361
31,006_S_0547,0,0,1,75.6,12,-9,A,A,C,C,A,A,C,C,24112
32,009_S_0751,0,0,1,70.9,16,-9,G,A,C,C,C,A,C,C,21121
33,123_S_0390,0,0,1,80.4,16,-9,A,A,C,C,A,A,C,C,23427
36,100_S_0296,0,0,1,79.1,10,-9,G,A,C,C,C,C,C,C,22436
37,010_S_0422,0,0,1,61.6,20,-9,A,A,C,C,A,A,C,C,23645
38,010_S_0067,0,0,1,74.5,17,-9,G,A,C,C,C,C,C,C,21823
39,018_S_0080,0,0,1,85,18,-9,A,A,C,C,C,A,C,C,20168
40,027_S_0116,0,0,1,78.4,18,-9,A,A,C,C,A,A,T,C,19255
41,018_S_0155,0,0,1,81.1,16,-9,A,A,C,C,A,A,C,C,26127
42,098_S_0160,0,0,1,75.2,16,-9,A,A,C,C,C,A,C,C,22260
43,099_S_0372,0,0,1,79,20,-9,G,A,C,C,C,A,C,C,24094
44,128_S_0200,0,0,1,61.4,16,-9,A,A,C,C,A,A,T,C,23545
45,141_S_1378,0,0,0,61.8,16,-9,G,A,C,C,C,A,C,C,19919
46,136_S_0873,0,0,0,78.1,14,-9,G,A,C,C,C,A,C,C,21711
47,057_S_1265,0,0,0,82.2,8,-9,G,A,C,C,A,A,C,C,15960
48,072_S_0315,0,0,1,71.5,16,-9,A,A,C,C,A,A,C,C,22088
49,052_S_1250,0,0,0,73.2,10,-9,G,A,C,C,A,A,C,C,19381
50,128_S_0608,0,0,0,68.4,20,-9,A,A,C,C,A,A,C,C,19121
52,024_S_1063,0,0,0,78.4,19,-9,G,A,C,C,A,A,C,C,20464
53,116_S_1271,0,0,1,71.2,16,-9,A,A,C,C,C,A,C,C,17732
54,023_S_0604,0,0,1,86.5,14,-9,G,A,C,C,C,C,C,C,22322
55,010_S_0420,0,0,1,73.4,19,-9,A,A,C,C,A,A,C,C,21096
56,057_S_0643,0,0,0,71.4,15,-9,A,A,C,C,C,A,C,C,21259
57,123_S_0091,0,0,1,62.4,20,-9,G,A,C,C,A,A,C,C,18061
58,116_S_1232,0,0,0,72.1,14,-9,A,A,C,C,A,A,C,C,21627
59,041_S_1435,0,0,1,82.4,12,-9,G,A,C,C,A,A,C,C,20527
60,021_S_0231,0,0,1,60.3,18,-9,A,A,C,C,A,A,C,C,23139
61,020_S_0899,0,0,0,80.1,16,-9,G,A,C,C,A,A,C,C,17660
62,021_S_0276,0,0,1,70.9,18,-9,G,A,C,C,A,A,C,C,25271
63,027_S_0835,0,0,1,72.7,14,-9,A,A,C,C,A,A,C,C,22494
64,013_S_1035,0,0,1,87.2,20,-9,A,A,C,C,A,A,C,C,21175
65,024_S_1400,0,0,1,77.9,12,-9,A,A,C,C,A,A,C,C,21239
66,018_S_0406,0,0,1,77.8,11,-9,G,A,C,C,A,A,C,C,20388
67,041_S_1418,0,0,1,81.5,12,-9,A,A,C,C,A,A,C,C,21749
68,141_S_1255,0,0,0,76.4,16,-9,G,A,C,C,C,A,C,C,18929
69,002_S_1018,0,0,0,70.7,13,-9,G,A,C,C,A,A,C,C,19403
70,057_S_1217,0,0,0,67.8,16,-9,A,A,C,C,A,A,C,C,20386
71,126_S_1077,0,0,1,83.3,15,-9,A,A,C,C,C,A,C,C,23586
72,011_S_0008,0,0,0,84.5,18,-9,A,A,C,C,C,A,C,C,21029
73,114_S_0173,0,0,1,73.2,18,-9,A,A,C,C,C,A,C,C,23567
74,109_S_1157,0,0,0,84.9,12,-9,G,G,C,C,A,A,C,C,17102
76,005_S_0553,0,0,1,84.6,18,-9,G,A,C,C,A,A,C,C,21850
77,022_S_0219,0,0,1,74.4,4,-9,A,A,C,C,A,A,C,C,19862
78,123_S_0106,0,0,0,73.2,15,-9,A,A,C,C,C,A,C,C,22662
79,052_S_0951,0,0,1,84.8,18,-9,A,A,C,C,C,A,C,C,19394
80,126_S_0606,0,0,0,68.5,10,-9,A,A,C,C,C,A,C,C,18894
81,022_S_0750,0,0,0,75.6,12,-9,A,A,C,C,A,A,C,C,17588
82,123_S_0094,0,0,0,70.7,14,-9,A,A,C,C,C,A,C,C,22734
83,041_S_1010,0,0,1,74.2,20,-9,A,A,C,C,A,A,C,C,30422
84,126_S_1340,0,0,0,82.4,20,-9,A,A,C,C,A,A,C,C,22614
85,027_S_1385,0,0,0,69.5,12,-9,G,A,C,C,A,A,C,C,16239
86,011_S_0005,0,0,1,73.7,16,-9,G,A,C,C,A,A,C,C,22083
87,062_S_1299,0,0,1,71.8,14,-9,A,A,C,C,C,C,0,0,26012
88,033_S_0923,0,0,1,83.1,14,-9,A,A,C,C,C,A,C,C,23621
89,033_S_0511,0,0,1,57.7,14,-9,A,A,C,C,A,A,T,C,19749
90,002_S_0619,0,0,1,77.5,12,-9,A,A,C,C,A,A,T,T,26644
91,032_S_0978,0,0,1,73.1,12,-9,G,A,C,C,C,A,C,C,24425
92,023_S_0613,0,0,0,84,11,-9,A,A,C,C,A,A,C,C,17892
93,116_S_0834,0,0,1,63.9,13,-9,A,A,C,C,A,A,C,C,22950
94,023_S_0093,0,0,0,77.2,16,-9,G,A,C,C,A,A,C,C,18282
95,116_S_0382,0,0,0,75.5,20,-9,A,A,C,C,C,A,C,C,20719
96,010_S_0829,0,0,0,64.9,15,-9,A,A,C,C,C,A,C,C,18678
97,024_S_1393,0,0,1,82.5,18,-9,G,A,C,C,A,A,C,C,21246
98,018_S_0425,0,0,1,85.8,20,-9,A,A,C,C,A,A,C,C,22517
99,041_S_1420,0,0,0,81.3,16,-9,G,G,C,C,A,A,C,C,22068
100,109_S_0967,0,0,1,76.8,20,-9,G,A,C,C,A,A,C,C,20854
101,018_S_0682,0,0,1,68,16,-9,G,A,C,C,A,A,C,C,17186
103,021_S_0424,0,0,1,80.6,16,-9,A,A,C,C,A,A,C,C,20432
104,057_S_1007,0,0,1,72.3,17,-9,G,A,C,C,A,A,C,C,20990
105,033_S_0922,0,0,1,68.1,12,-9,G,A,C,C,C,A,C,C,22405
106,006_S_0484,0,0,1,70.7,18,-9,G,A,C,C,A,A,C,C,25883
107,133_S_0629,0,0,1,70.8,20,-9,A,A,C,C,A,A,C,C,17888
108,128_S_1409,0,0,1,65.9,15,-9,A,A,C,C,A,A,C,C,25905
109,099_S_0040,0,0,1,73.2,18,-9,A,A,C,C,A,A,C,C,20009
110,068_S_0442,0,0,1,74.7,16,-9,A,A,C,C,C,A,C,C,21356
111,099_S_0958,0,0,1,64.3,16,-9,A,A,C,C,A,A,T,C,18835
113,014_S_0548,0,0,0,73.6,12,-9,G,A,C,C,A,A,C,C,22839
114,073_S_0565,0,0,1,74.6,14,-9,A,A,C,C,A,A,C,C,18939
115,131_S_0497,0,0,1,75.7,12,-9,A,A,C,C,C,A,C,C,24590
116,033_S_0723,0,0,1,79.1,12,-9,A,A,C,C,C,A,C,C,21724
117,130_S_0449,0,0,0,66.5,14,-9,G,A,C,C,A,A,C,C,20278
118,033_S_0516,0,0,1,87.6,15,-9,A,A,C,C,C,C,C,C,21341
119,100_S_0069,0,0,1,72.9,16,-9,A,A,C,C,A,A,C,C,23403
120,011_S_0362,0,0,0,70.5,16,-9,G,A,C,C,A,A,C,C,18194
121,137_S_0438,0,0,1,81.9,11,-9,G,A,C,C,A,A,C,C,0
122,036_S_0672,0,0,0,62,12,-9,G,A,C,C,A,A,C,C,21657
123,018_S_0450,0,0,1,68.4,20,-9,A,A,C,C,A,A,C,C,24818
124,041_S_0721,0,0,1,66.3,20,-9,A,A,C,C,A,A,C,C,18957
125,011_S_1080,0,0,1,81.4,19,-9,A,A,C,C,C,A,T,C,23074
126,012_S_1009,0,0,1,75.8,16,-9,G,A,C,C,C,A,T,C,21935
127,020_S_1288,0,0,1,59.9,20,-9,A,A,C,C,A,A,C,C,23549
128,022_S_0044,0,0,0,85.8,16,-9,G,A,C,C,A,A,C,C,19637
129,027_S_0644,0,0,1,75,14,-9,A,A,C,C,A,A,C,C,22253
130,941_S_1311,0,0,1,69.1,12,-9,A,A,C,C,C,A,C,C,22291
131,136_S_0874,0,0,0,66.1,16,-9,A,A,C,C,C,A,C,C,17559
132,053_S_0621,0,0,0,62.3,16,-9,A,A,C,C,A,A,C,C,24567
133,073_S_0311,0,0,0,78.1,16,-9,G,A,C,C,A,A,C,C,18987
134,029_S_1215,0,0,1,78.5,16,-9,A,A,C,C,C,C,C,C,21992
135,067_S_1185,0,0,1,62,16,-9,A,A,C,C,C,A,C,C,23759
136,067_S_0038,0,0,1,76.8,12,-9,A,A,C,C,A,A,C,C,21705
137,141_S_0915,0,0,0,80.6,14,-9,A,A,C,C,C,A,C,C,16581
138,067_S_0019,0,0,0,73.1,18,-9,A,A,C,C,A,A,C,C,19378
139,007_S_1206,0,0,1,72.9,14,-9,A,A,C,C,C,A,C,C,24601
140,033_S_0920,0,0,0,80,12,-9,A,A,C,C,C,A,C,C,19104
141,007_S_0316,0,0,1,80.9,16,-9,G,A,C,C,A,A,0,0,21169
142,141_S_1152,0,0,0,71.4,8,-9,G,A,C,C,A,A,C,C,19044
143,141_S_0853,0,0,1,86.8,16,-9,G,G,C,C,A,A,C,C,20308
144,136_S_0186,0,0,0,80.4,16,-9,A,A,C,C,A,A,C,C,22734
145,126_S_0784,0,0,0,75.8,16,-9,A,A,C,C,C,A,C,C,16656
146,100_S_0006,0,0,0,80.4,13,-9,G,A,C,C,A,A,C,C,18527
147,013_S_0575,0,0,0,86.2,17,-9,G,A,C,C,C,A,C,C,17468
149,109_S_1114,0,0,0,78.3,12,-9,A,A,C,C,A,A,C,C,20223
150,131_S_0123,0,0,1,73.3,20,-9,A,A,C,C,A,A,C,C,21706
151,002_S_1280,0,0,0,70.7,14,-9,G,A,C,C,A,A,C,C,19171
152,032_S_0479,0,0,0,73.5,20,-9,G,A,C,C,A,A,C,C,20929
153,137_S_0481,0,0,1,84.8,18,-9,A,A,C,C,A,A,C,C,24758
154,128_S_0216,0,0,1,84.3,16,-9,G,A,C,C,C,A,C,C,22795
155,137_S_1414,0,0,1,74.3,18,-9,A,A,C,C,A,A,C,C,22827
156,128_S_0310,0,0,1,82.7,16,-9,G,A,C,C,C,A,C,C,23234
157,100_S_0190,0,0,1,78.8,18,-9,A,A,C,C,A,A,C,C,23804
158,130_S_0783,0,0,0,79.2,18,-9,G,A,C,C,C,A,C,C,20835
159,098_S_0884,0,0,1,79,16,-9,A,A,C,C,A,A,C,C,18050
160,007_S_0068,0,0,0,74.4,12,-9,G,A,C,C,A,A,C,C,19381
161,016_S_1326,0,0,1,66.3,18,-9,A,A,C,C,A,A,C,C,26419
162,041_S_1002,0,0,0,76.3,18,-9,A,A,C,C,A,A,C,C,23705
163,027_S_0417,0,0,1,79.8,16,-9,A,A,C,C,C,A,C,C,27721
164,052_S_1346,0,0,1,72.6,12,-9,A,A,C,C,C,A,C,C,23093
165,023_S_1289,0,0,0,77.4,12,-9,A,A,C,C,C,A,C,C,18368
166,037_S_0303,0,0,1,84.2,16,-9,A,A,C,C,C,C,T,C,22252
167,033_S_1279,0,0,0,68.3,16,-9,A,A,C,C,A,A,C,C,20438
168,037_S_0150,0,0,1,73.9,12,-9,A,A,C,C,C,A,C,C,22316
169,067_S_0110,0,0,0,82.6,10,-9,G,A,C,C,A,A,T,C,21370
170,073_S_0445,0,0,1,54.4,20,-9,A,A,C,C,C,A,T,C,19509
171,141_S_0696,0,0,0,74,12,-9,A,A,C,C,A,A,0,0,16707
172,072_S_1211,0,0,1,86.7,14,-9,A,A,C,C,C,A,C,C,21451
173,022_S_0544,0,0,0,76.7,12,-9,A,A,C,C,A,A,C,C,18227
174,031_S_0830,0,0,1,70.8,16,-9,A,A,C,C,A,A,C,C,20737
175,033_S_0906,0,0,0,65.3,12,-9,A,A,C,C,A,A,C,C,18666
176,035_S_0204,0,0,0,71.1,16,-9,A,A,C,C,A,A,C,C,19192
177,037_S_0539,0,0,1,73.4,20,-9,G,A,C,C,C,A,C,C,20467
178,941_S_1194,0,0,1,84.8,18,-9,A,A,C,C,A,A,C,C,22165
179,007_S_0041,0,0,0,70.9,14,-9,A,A,C,C,A,A,C,C,21308
180,011_S_0168,0,0,1,89.3,13,-9,A,A,C,C,A,A,C,C,35227
181,006_S_0675,0,0,0,78.8,18,-9,G,A,C,C,A,A,C,C,22843
182,016_S_1263,0,0,0,64.8,12,-9,A,A,C,C,C,A,C,C,20083
183,041_S_1423,0,0,1,69.4,19,-9,A,A,C,C,C,A,T,C,25723
184,027_S_0461,0,0,1,80.3,19,-9,A,A,C,C,A,A,C,C,24503
185,052_S_1168,0,0,0,81.2,16,-9,A,A,C,C,A,A,C,C,18799
186,041_S_1260,0,0,1,71.2,16,-9,A,A,C,C,A,A,C,C,22730
187,126_S_0506,0,0,0,71.4,10,-9,G,G,C,C,A,A,C,C,20635
189,023_S_0963,0,0,1,72.6,16,-9,G,G,C,C,A,A,C,C,21842
190,067_S_0177,0,0,0,74.8,14,-9,G,A,C,C,C,A,C,C,18092
191,029_S_1073,0,0,0,65.7,18,-9,A,A,C,C,C,A,C,C,19201
192,067_S_0290,0,0,1,75.2,16,-9,A,A,C,C,A,A,T,C,21571
193,031_S_0618,0,0,1,74.8,16,-9,G,A,C,C,A,A,C,C,22711
194,033_S_1308,0,0,1,79.7,14,-9,G,G,C,C,A,A,C,C,27769
195,023_S_0926,0,0,0,71.4,16,-9,A,A,C,C,A,A,C,C,21123
196,037_S_0454,0,0,0,81.8,13,-9,A,A,C,C,A,A,C,C,18812
198,126_S_1221,0,0,1,71.2,6,-9,G,A,C,C,A,A,C,C,26713
199,012_S_0634,0,0,1,82.1,20,-9,G,A,C,C,C,A,C,C,25586
200,100_S_0047,0,0,1,84.7,20,-9,G,A,C,C,C,A,C,C,23875
201,011_S_0016,0,0,1,65.4,9,-9,A,A,C,C,A,A,C,C,19372
203,068_S_1191,0,0,1,78.8,16,-9,A,A,C,C,A,A,C,C,24295
204,136_S_0184,0,0,0,78.3,14,-9,G,A,C,C,C,A,C,C,17256
205,141_S_1024,0,0,1,68.6,12,-9,A,A,C,C,C,A,C,C,25088
206,136_S_0194,0,0,0,80.5,12,-9,G,A,C,C,A,A,C,C,21199
208,013_S_1120,0,0,0,77.9,20,-9,G,A,C,C,A,A,0,0,16622
209,137_S_0443,0,0,1,63,18,-9,A,A,C,C,A,A,C,C,20934
210,036_S_0673,0,0,1,78.2,16,-9,G,G,C,C,C,A,C,C,21468
211,053_S_0507,0,0,0,55.2,18,-9,G,G,C,C,A,A,C,C,16646
212,023_S_1126,0,0,1,80.4,18,-9,A,A,C,C,C,A,C,C,21357
213,116_S_0752,0,0,0,82,16,-9,A,A,C,C,A,A,C,C,21584
214,022_S_1394,0,0,1,77.1,18,-9,A,A,C,C,A,A,C,C,23984
215,116_S_0392,0,0,0,84.6,17,-9,A,A,C,C,A,A,C,C,19693
216,082_S_1119,0,0,1,76.4,18,-9,G,A,C,C,C,A,C,C,20810
217,029_S_1184,0,0,0,64.4,16,-9,A,A,C,C,C,A,C,C,17426
218,130_S_0969,0,0,1,70,18,-9,A,A,C,C,A,A,C,C,21418
219,068_S_0127,0,0,1,70.6,17,-9,G,A,C,C,A,A,C,C,20008
220,109_S_0876,0,0,0,76.1,16,-9,G,A,C,C,A,A,C,C,18194
221,062_S_0730,0,0,0,70.6,14,-9,G,A,C,C,C,A,C,C,18594
222,098_S_0288,0,0,1,75.1,20,-9,A,A,C,C,A,A,C,C,17416
223,133_S_0638,0,0,1,83.1,17,-9,A,A,C,C,C,C,C,C,19912
224,027_S_0179,0,0,1,80.9,16,-9,A,A,C,C,A,A,C,C,24847
225,011_S_0022,0,0,1,63.2,17,-9,A,A,C,C,A,A,C,C,17413
226,023_S_0061,0,0,0,77,15,-9,G,A,C,C,A,A,C,C,18049
227,123_S_0050,0,0,1,77.6,16,-9,A,A,C,C,C,A,C,C,31551
228,130_S_0285,0,0,1,65.6,10,-9,G,G,C,C,A,A,C,C,19509
229,099_S_0534,0,0,1,62.8,18,-9,A,A,C,C,C,A,C,C,23765
230,002_S_0782,0,0,1,81.6,16,-9,G,A,C,C,A,A,C,C,19152
231,067_S_0029,0,0,1,64.1,18,-9,G,A,C,C,C,A,C,C,25780
232,007_S_1339,0,0,0,79.5,13,-9,A,A,C,C,C,A,C,C,22661
233,012_S_0917,0,0,1,70.2,10,-9,G,A,C,C,A,A,0,0,17815
234,006_S_0653,0,0,0,73.4,12,-9,A,A,C,C,A,A,T,C,21480
235,010_S_0161,0,0,1,79.1,20,-9,G,A,C,C,A,A,T,C,21318
236,126_S_0605,0,0,0,75.6,16,-9,G,A,C,C,A,A,C,C,26191
237,109_S_1183,0,0,1,80.2,16,-9,A,A,C,C,C,A,C,C,26900
238,023_S_0139,0,0,0,65.9,13,-9,A,A,C,C,C,A,C,C,16538
239,029_S_1384,0,0,1,72,16,-9,A,A,C,C,A,A,C,C,22234
240,027_S_1082,0,0,0,69.5,13,-9,A,A,C,C,A,A,C,C,21115
241,128_S_0500,0,0,1,77.4,14,-9,G,A,C,C,A,A,C,C,24697
242,023_S_0376,0,0,1,70.5,15,-9,A,A,C,C,A,A,0,0,20545
244,057_S_0957,0,0,1,74,9,-9,A,A,C,C,C,C,T,C,22232
246,082_S_0304,0,0,0,70.8,16,-9,A,A,C,C,C,A,C,C,0
247,082_S_1256,0,0,0,71.6,17,-9,A,A,C,C,C,A,C,C,18516
248,141_S_0810,0,0,1,83.3,16,-9,A,A,C,C,C,A,C,C,25296
249,041_S_1391,0,0,1,85.1,12,-9,A,A,C,C,A,A,C,C,21248
250,016_S_0590,0,0,0,78.1,18,-9,G,A,C,C,A,A,C,C,20142
251,007_S_0414,0,0,0,79.6,18,-9,G,A,C,C,A,A,C,C,20142
252,057_S_1269,0,0,1,73.4,20,-9,G,A,C,C,A,A,C,C,22401
253,007_S_0249,0,0,0,72,16,-9,G,A,C,C,A,A,C,C,20313
255,031_S_0321,0,0,1,68.3,18,-9,G,A,C,C,A,A,C,C,20291
256,082_S_0363,0,0,0,71.6,17,-9,G,A,C,C,C,A,T,C,23645
257,062_S_0690,0,0,1,79.6,20,-9,A,A,C,C,A,A,C,C,23205
258,007_S_1248,0,0,0,79.8,12,-9,G,A,C,C,A,A,C,C,20432
259,011_S_0861,0,0,1,87.1,16,-9,A,A,C,C,C,A,C,C,24008
260,006_S_0498,0,0,1,70.3,12,-9,G,A,C,C,A,A,C,C,23716
261,137_S_0722,0,0,1,70.1,12,-9,A,A,C,C,A,A,C,C,23747
262,052_S_1251,0,0,0,74.2,13,-9,A,A,C,C,C,A,T,C,19498
263,072_S_1380,0,0,1,84.7,12,-9,G,A,C,C,A,A,C,C,19772
264,022_S_0130,0,0,1,73.1,16,-9,A,A,C,C,A,A,C,C,25933
265,141_S_0726,0,0,1,81,17,-9,A,A,C,C,A,A,C,C,21732
266,129_S_1246,0,0,1,72.4,14,-9,A,A,C,C,C,A,C,C,23168
267,130_S_0102,0,0,0,70.3,20,-9,G,A,C,C,C,A,C,C,18738
268,141_S_1004,0,0,0,73.9,12,-9,G,A,C,C,A,A,C,C,19211
269,130_S_0423,0,0,1,79.3,20,-9,A,A,C,C,A,A,C,C,20942
270,099_S_0051,0,0,1,66.5,18,-9,A,A,C,C,C,A,C,C,21902
271,082_S_1079,0,0,1,78,18,-9,A,A,C,C,C,A,C,C,24396
272,141_S_1231,0,0,0,83.5,12,-9,A,A,C,C,A,A,T,C,20496
273,062_S_0768,0,0,1,77.3,14,-9,G,A,C,C,C,A,C,C,24732
274,136_S_0195,0,0,1,79.6,18,-9,A,A,C,C,A,A,C,C,21531
275,018_S_0087,0,0,1,75.1,14,-9,G,A,C,C,C,A,C,C,20981
276,023_S_1190,0,0,0,76.5,13,-9,A,A,C,C,C,A,C,C,19531
277,018_S_0335,0,0,0,83.4,14,-9,A,A,C,C,A,A,C,C,23174
278,052_S_0671,0,0,0,61,12,-9,A,A,C,C,C,A,C,C,18371
279,016_S_0769,0,0,1,62.2,18,-9,A,A,C,C,A,A,T,C,24922
280,011_S_1282,0,0,0,77,12,-9,G,A,C,C,A,A,C,C,17274
281,141_S_1051,0,0,0,75.2,16,-9,A,A,C,C,A,A,C,C,21768
282,022_S_0066,0,0,1,74.5,18,-9,A,A,C,C,C,A,C,C,17192
283,016_S_0702,0,0,1,85,16,-9,G,A,C,C,A,A,C,C,20965
284,033_S_1098,0,0,0,72,15,-9,G,A,C,C,A,A,C,C,20049
285,062_S_1294,0,0,1,79.2,10,-9,A,A,C,C,A,A,C,C,23070
286,100_S_0747,0,0,1,72.6,18,-9,G,G,C,C,A,A,C,C,24007
287,136_S_0429,0,0,1,62.7,12,-9,G,A,C,C,C,A,C,C,21821
288,137_S_0800,0,0,1,74,12,-9,G,A,C,C,C,A,C,C,20264
289,023_S_0126,0,0,0,77.5,14,-9,A,A,C,C,A,A,C,C,18505
290,941_S_1363,0,0,0,69.7,12,-9,A,A,C,C,A,A,C,C,20450
291,031_S_1209,0,0,0,72,18,-9,G,A,C,C,A,A,T,C,23465
292,037_S_0627,0,0,0,58.4,12,-9,A,A,C,C,A,A,C,C,18389
293,035_S_0555,0,0,1,77,16,-9,G,A,C,C,A,A,C,C,24074
294,036_S_0976,0,0,1,80.5,15,-9,G,A,C,C,C,A,C,C,19461
295,073_S_0089,0,0,1,65.1,20,-9,A,A,C,C,A,A,T,C,22132
296,029_S_0914,0,0,1,74.4,12,-9,G,A,C,C,C,A,C,C,24200
297,073_S_0312,0,0,1,82.8,20,-9,A,A,C,C,A,A,C,C,24516
298,021_S_0178,0,0,1,64.8,20,-9,G,A,C,C,C,A,C,C,21111
299,021_S_0647,0,0,1,72.8,16,-9,A,A,C,C,C,A,C,C,21352
300,021_S_0332,0,0,1,69.9,16,-9,A,A,C,C,C,A,C,C,23354
301,027_S_0850,0,0,1,78.1,16,-9,A,A,C,C,A,A,C,C,18433
302,131_S_0319,0,0,0,70.2,16,-9,A,A,C,C,A,A,C,C,18950
303,032_S_1101,0,0,0,70.9,12,-9,G,A,C,C,A,A,C,C,18078
304,002_S_0559,0,0,1,79.3,16,-9,A,A,C,C,C,A,C,C,22989
305,032_S_0677,0,0,1,70.8,18,-9,A,A,C,C,C,A,C,C,22014
306,137_S_0459,0,0,1,72.9,16,-9,A,A,C,C,C,A,C,C,21400
307,013_S_1186,0,0,1,83.2,12,-9,A,A,C,C,C,A,C,C,25404
308,022_S_1097,0,0,1,73,18,-9,A,A,C,C,A,A,C,C,20909
309,041_S_1411,0,0,1,74.1,17,-9,A,A,C,C,A,A,C,C,22155
310,137_S_0841,0,0,0,77,16,-9,G,A,C,C,A,A,C,C,19917
311,013_S_1276,0,0,0,71.8,14,-9,G,A,C,C,A,A,C,C,18104
312,029_S_0999,0,0,1,70.8,12,-9,A,A,C,C,A,A,C,C,16593
313,022_S_0543,0,0,0,72.2,18,-9,A,A,C,C,A,A,C,C,16103
314,082_S_0469,0,0,0,78.4,18,-9,A,A,C,C,A,A,C,C,20743
315,012_S_1292,0,0,1,76.2,16,-9,A,A,C,C,A,A,C,C,25538
316,082_S_1377,0,0,1,82.6,16,-9,A,A,C,C,A,A,C,C,27760
317,131_S_0384,0,0,1,79.8,14,-9,A,A,C,C,A,A,C,C,21051
318,032_S_1169,0,0,0,72.2,18,-9,A,A,C,C,A,A,C,C,19136
319,002_S_0413,0,0,0,76.3,16,-9,A,A,C,C,C,A,C,C,21248
320,032_S_0718,0,0,0,80.4,18,-9,A,A,C,C,C,A,T,C,18824
321,141_S_1244,0,0,1,78.9,14,-9,A,A,C,C,A,A,C,C,25704
322,136_S_0695,0,0,1,74.3,16,-9,G,A,C,C,A,A,C,C,21673
323,126_S_0891,0,0,0,79.3,12,-9,A,A,C,C,A,A,C,C,21754
324,013_S_1205,0,0,1,83,19,-9,A,A,C,C,A,A,T,C,20732
325,005_S_0222,0,0,1,85.9,18,-9,A,A,C,C,C,A,C,C,22506
326,041_S_0679,0,0,1,62.9,18,-9,G,A,C,C,C,A,C,C,21616
327,006_S_1130,0,0,0,71.1,18,-9,A,A,C,C,C,C,C,C,18060
328,136_S_0107,0,0,0,60.7,19,-9,A,A,C,C,C,A,C,C,19907
329,128_S_0947,0,0,0,82.6,13,-9,A,A,C,C,A,A,C,C,18174
330,099_S_0551,0,0,1,64.2,16,-9,A,A,C,C,C,A,C,C,20157
332,016_S_1117,0,0,0,68.9,18,-9,A,A,C,C,A,A,C,C,20283
333,002_S_0295,0,0,1,84.8,18,-9,A,A,C,C,A,A,C,C,21752
334,100_S_1154,0,0,1,76.6,18,-9,G,G,C,C,A,A,C,C,22989
335,007_S_0101,0,0,1,73.6,18,-9,A,A,C,C,C,A,C,C,22812
336,128_S_0188,0,0,1,86.1,16,-9,A,A,C,C,A,A,C,C,28989
337,027_S_1213,0,0,0,74.8,16,-9,G,A,C,C,A,A,C,C,21267
338,133_S_0912,0,0,0,73.9,18,-9,G,A,C,C,A,A,C,C,19556
339,029_S_1318,0,0,0,82.9,18,-9,A,A,C,C,C,A,C,C,16686
340,027_S_0120,0,0,1,72,20,-9,G,A,C,C,C,A,C,C,22691
341,037_S_0327,0,0,1,70,16,-9,A,A,C,C,C,A,C,C,24419
342,033_S_1284,0,0,1,85.9,16,-9,A,A,C,C,A,A,C,C,21460
343,068_S_0476,0,0,0,75.8,14,-9,A,A,C,C,C,A,C,C,19501
344,029_S_1056,0,0,0,71.1,13,-9,G,A,C,C,A,A,T,C,28892
345,067_S_0045,0,0,1,85.9,18,-9,G,A,C,C,A,A,C,C,24771
346,067_S_0077,0,0,1,79.7,18,-9,G,A,C,C,A,A,C,C,18845
347,116_S_0370,0,0,0,74.5,16,-9,A,A,C,C,A,A,0,0,19802
348,023_S_0078,0,0,0,76,18,-9,A,A,C,C,A,A,C,C,20229
349,100_S_0015,0,0,1,80.8,18,-9,A,A,C,C,A,A,C,C,20092
350,012_S_0689,0,0,1,63.6,12,-9,A,A,C,C,A,A,C,C,26062
352,114_S_0979,0,0,1,86.2,18,-9,A,A,C,C,A,A,C,C,21649
353,128_S_1406,0,0,0,61.1,18,-9,A,A,C,C,A,A,C,C,21292
354,137_S_1041,0,0,1,70.9,18,-9,A,A,C,C,A,A,C,C,24647
355,005_S_0610,0,0,1,79,20,-9,A,A,C,C,A,A,C,C,21455
356,005_S_0546,0,0,1,79.4,16,-9,G,A,C,C,A,A,C,C,20126
357,011_S_0021,0,0,0,72.6,18,-9,A,A,C,C,A,A,C,C,19632
358,036_S_0577,0,0,0,72.4,12,-9,G,G,C,C,A,A,C,C,19203
359,067_S_0059,0,0,0,70.9,13,-9,A,A,C,C,A,A,C,C,16241
360,057_S_0941,0,0,0,73.3,14,-9,A,A,C,C,C,A,C,C,22543
361,100_S_1113,0,0,0,79.2,12,-9,A,A,C,C,C,A,C,C,22711
362,057_S_1371,0,0,1,84.2,10,-9,A,A,C,C,A,A,C,C,21715
363,100_S_0930,0,0,1,75,16,-9,G,A,C,C,A,A,C,C,21945
364,023_S_1046,0,0,1,71.6,20,-9,A,A,C,C,C,C,C,C,26206
365,114_S_0378,0,0,0,69,16,-9,G,A,C,C,C,C,C,C,19876
366,023_S_0081,0,0,1,70.6,18,-9,G,G,C,C,C,C,C,C,20527
367,109_S_1013,0,0,1,77.8,20,-9,G,G,C,C,A,A,C,C,20751
368,032_S_0095,0,0,1,71.1,12,-9,G,A,C,C,A,A,C,C,21128
369,037_S_1225,0,0,1,76.4,20,-9,A,A,C,C,A,A,C,C,22794
370,035_S_0997,0,0,0,80.4,20,-9,A,A,C,C,C,A,C,C,16865
371,036_S_1001,0,0,1,69.3,14,-9,G,G,C,C,A,A,C,C,21657
372,031_S_1066,0,0,1,72.4,13,-9,A,A,C,C,A,A,C,C,20925
373,037_S_0588,0,0,1,64.6,14,-9,A,A,C,C,A,A,C,C,22783
374,035_S_0341,0,0,1,74,16,-9,A,A,C,C,C,A,C,C,21016
375,036_S_0945,0,0,1,72.4,12,-9,A,A,C,C,A,A,C,C,24239
376,116_S_0361,0,0,1,74.5,17,-9,G,A,C,C,C,A,C,C,23528
377,023_S_0625,0,0,1,75.9,6,-9,G,A,C,C,C,C,C,C,21744
378,116_S_0648,0,0,0,71.5,14,-9,G,A,C,C,A,A,C,C,23935
379,011_S_0183,0,0,0,72.4,14,-9,G,A,C,C,C,C,C,C,21273
380,021_S_0141,0,0,1,81.1,12,-9,A,A,C,C,C,A,C,C,21944
381,021_S_0626,0,0,1,83.2,16,-9,A,A,C,C,C,A,C,C,23124
383,133_S_1031,0,0,0,77.1,18,-9,G,A,C,C,A,A,C,C,18035
384,027_S_1387,0,0,1,85.6,20,-9,A,A,C,C,A,A,C,C,19020
385,136_S_0300,0,0,1,56.4,16,-9,G,A,C,C,C,A,C,C,27214
386,073_S_0518,0,0,1,69.4,20,-9,A,A,C,C,C,A,C,C,22579
387,100_S_1286,0,0,0,75.5,19,-9,G,A,C,C,A,A,C,C,22786
388,098_S_0667,0,0,1,69,20,-9,A,A,C,C,A,A,C,C,24182
389,098_S_0172,0,0,0,70.6,18,-9,G,A,C,C,C,A,C,C,19928
390,141_S_0852,0,0,0,84.3,18,-9,A,A,C,C,A,A,C,C,21279
391,133_S_0525,0,0,0,70,16,-9,G,A,C,C,A,A,C,C,16989
392,128_S_1043,0,0,1,68.5,16,-9,A,A,C,C,C,A,C,C,23205
393,098_S_0896,0,0,1,76.8,16,-9,A,A,C,C,A,A,C,C,28867
394,002_S_0955,0,0,0,78.2,16,-9,G,A,C,C,A,A,C,C,22589
395,100_S_0743,0,0,1,85.6,14,-9,A,A,C,C,C,A,C,C,21115
396,082_S_0761,0,0,1,71,17,-9,A,A,C,C,A,A,T,C,22082
397,128_S_1088,0,0,1,87.9,18,-9,A,A,C,C,A,A,C,C,26300
398,022_S_0096,0,0,1,79.6,20,-9,G,A,C,C,A,A,C,C,24169
399,133_S_0433,0,0,0,85.5,14,-9,A,A,C,C,A,A,C,C,23248
400,002_S_1155,0,0,1,57.8,20,-9,A,A,C,C,A,A,C,C,23757
401,099_S_0880,0,0,1,84.2,13,-9,A,A,C,C,A,A,C,C,23673
402,141_S_0790,0,0,0,83.3,14,-9,A,A,C,C,A,A,C,C,20812
403,137_S_0283,0,0,1,78.4,12,-9,A,A,C,C,A,A,C,C,22781
404,024_S_1307,0,0,0,75.3,13,-9,A,A,C,C,C,A,C,C,19352
405,116_S_1083,0,0,0,71.9,16,-9,G,A,C,C,C,A,C,C,0
406,128_S_1408,0,0,1,71.4,16,-9,A,A,C,C,A,A,C,C,21614
407,126_S_0708,0,0,1,76.4,16,-9,A,A,C,C,C,A,C,C,24724
408,129_S_1204,0,0,1,77.3,17,-9,A,A,C,C,C,A,C,C,25067
409,137_S_1426,0,0,1,83.4,18,-9,A,A,C,C,C,A,C,C,24724
410,128_S_1407,0,0,0,74.6,16,-9,A,A,C,C,A,A,C,C,18221
411,041_S_0314,0,0,1,72.1,19,-9,A,A,C,C,C,A,C,C,21605
412,012_S_0720,0,0,0,77.4,14,-9,A,A,C,C,C,A,C,C,21186
414,082_S_0832,0,0,1,79,19,-9,A,A,C,C,A,A,C,C,24065
415,128_S_1148,0,0,0,69.7,14,-9,G,G,C,C,A,A,C,C,18496
416,099_S_0291,0,0,1,79.4,16,-9,A,A,C,C,A,A,C,C,21244
417,014_S_0356,0,0,1,80.2,16,-9,A,A,C,C,A,A,C,C,18957
420,012_S_1033,0,0,0,73.3,18,-9,G,A,C,C,A,A,C,C,18239
421,023_S_0855,0,0,1,75.6,12,-9,A,A,C,C,A,A,C,C,22184
422,037_S_1421,0,0,0,74.4,12,-9,A,A,C,C,A,A,C,C,19267
423,036_S_0576,0,0,1,77.5,14,-9,A,A,C,C,A,A,C,C,24075
424,036_S_1023,0,0,0,77.1,18,-9,A,A,C,C,C,C,C,C,17959
425,011_S_0010,0,0,0,73.9,12,-9,G,A,C,C,C,A,C,C,20957
426,082_S_0640,0,0,0,72.9,20,-9,A,A,C,C,C,A,C,C,18094
427,020_S_0883,0,0,0,76.1,16,-9,A,A,C,C,A,A,C,C,21160
428,100_S_1062,0,0,1,81.9,12,-9,G,A,C,C,A,A,C,C,21211
429,012_S_1133,0,0,0,79.9,20,-9,G,A,C,C,A,A,C,C,17580
430,137_S_0366,0,0,0,56.5,20,-9,G,A,C,C,C,A,T,C,17416
431,036_S_0656,0,0,1,82.5,13,-9,A,A,C,C,A,A,C,C,22255
432,014_S_0658,0,0,1,72.1,18,-9,A,A,C,C,A,A,C,C,23309
433,005_S_0324,0,0,0,75.3,14,-9,A,A,C,C,A,A,C,C,15937
434,041_S_0549,0,0,1,68.7,14,-9,A,A,C,C,A,A,C,C,19244
435,005_S_0572,0,0,1,78.7,14,-9,G,A,C,C,A,A,C,C,18839
436,141_S_1094,0,0,1,76,20,-9,G,A,C,C,A,A,C,C,24062
437,035_S_0033,0,0,1,83.3,20,-9,A,A,C,C,A,A,C,C,23265
438,141_S_1137,0,0,0,81.5,18,-9,G,A,C,C,C,A,C,C,20339
439,021_S_0343,0,0,1,71.8,12,-9,A,A,C,C,C,A,T,C,25534
440,109_S_1343,0,0,1,64.7,13,-9,G,A,C,C,A,A,C,C,21759
441,033_S_0724,0,0,1,78.6,20,-9,G,A,C,C,C,A,C,C,24250
443,033_S_0567,0,0,1,73.6,16,-9,G,A,C,C,A,A,C,C,21434
444,067_S_1253,0,0,0,62.6,14,-9,G,A,C,C,C,A,C,C,19737
445,128_S_0258,0,0,0,71.3,14,-9,A,A,C,C,A,A,T,C,22949
446,031_S_0351,0,0,1,68.4,18,-9,A,A,C,C,A,A,C,C,23541
447,067_S_0056,0,0,0,69.6,13,-9,A,A,C,C,A,A,C,C,16671
448,137_S_0796,0,0,1,80.3,14,-9,A,A,C,C,A,A,C,C,27648
450,062_S_1099,0,0,0,79.2,15,-9,G,G,C,C,A,A,C,C,18628
451,023_S_0031,0,0,0,77.7,18,-9,G,A,C,C,A,A,C,C,20028
452,027_S_1045,0,0,0,82.6,14,-9,A,A,C,C,C,C,C,C,20354
453,021_S_0159,0,0,0,77.9,17,-9,A,A,C,C,C,A,C,C,19435
454,033_S_1283,0,0,1,59.9,16,-9,G,A,C,C,A,A,C,C,19361
455,009_S_0862,0,0,0,73.4,12,-9,G,A,C,C,A,A,C,C,20419
456,116_S_0890,0,0,0,59.7,14,-9,G,G,C,C,A,A,C,C,21722
457,023_S_0084,0,0,0,75.3,14,-9,A,A,C,C,A,A,C,C,17982
458,114_S_0228,0,0,0,80.2,10,-9,A,A,C,C,A,A,C,C,21220
459,037_S_0566,0,0,1,78.8,20,-9,G,A,C,C,C,A,C,C,18809
460,035_S_0292,0,0,1,76.4,16,-9,A,A,C,C,A,A,0,0,21071
461,036_S_0869,0,0,0,82.9,16,-9,G,A,C,C,A,A,C,C,17631
462,014_S_0563,0,0,1,80.6,18,-9,G,A,C,C,A,A,C,C,28128
463,005_S_0448,0,0,1,85.5,17,-9,A,A,C,C,A,A,C,C,21172
464,041_S_0407,0,0,1,73.5,18,-9,G,A,C,C,C,A,C,C,21124
465,005_S_0602,0,0,1,70.7,17,-9,A,A,C,C,A,A,C,C,19318
466,099_S_0352,0,0,0,77,14,-9,G,A,C,C,A,A,C,C,19238
467,128_S_0545,0,0,1,71.8,19,-9,A,A,C,C,C,C,C,C,25670
468,099_S_0090,0,0,1,69.8,20,-9,G,A,C,C,A,A,C,C,20630
469,130_S_1200,0,0,1,84.4,16,-9,A,A,C,C,A,A,C,C,21257
470,013_S_1275,0,0,0,78.9,20,-9,A,A,C,C,A,A,C,C,20498
471,005_S_0221,0,0,1,67.4,18,-9,A,A,C,C,C,A,C,C,19941
473,013_S_0996,0,0,0,90.9,16,-9,A,A,C,C,C,A,C,C,21921
474,031_S_0568,0,0,0,79.8,16,-9,A,A,C,C,A,A,C,C,20582
475,033_S_1285,0,0,0,80,18,-9,A,A,C,C,C,A,C,C,31737
476,024_S_0985,0,0,1,81.6,14,-9,G,A,C,C,C,A,C,C,16543
477,037_S_0377,0,0,1,79.3,16,-9,A,A,C,C,C,C,C,C,24532
479,123_S_0298,0,0,1,76.4,14,-9,A,A,C,C,A,A,C,C,21451
480,109_S_1014,0,0,0,84.7,15,-9,A,A,C,C,A,A,C,C,21156
481,099_S_1034,0,0,1,75.1,18,-9,A,A,C,C,C,C,C,C,22220
482,018_S_0057,0,0,1,77.3,20,-9,A,A,C,C,A,A,C,C,20949
483,023_S_1247,0,0,0,72.5,9,-9,G,A,C,C,A,A,T,C,19644
484,027_S_0307,0,0,1,78.5,19,-9,G,A,C,C,A,A,C,C,20635
485,013_S_0592,0,0,1,77.9,19,-9,A,A,C,C,A,A,C,C,19917
486,018_S_0142,0,0,1,79.2,14,-9,G,A,C,C,A,A,C,C,20079
487,082_S_0928,0,0,0,82.8,20,-9,A,A,C,C,A,A,C,C,17983
489,012_S_0712,0,0,1,76.6,16,-9,A,A,C,C,A,A,C,C,17760
490,036_S_0759,0,0,0,81.8,12,-9,A,A,C,C,A,A,C,C,18230
491,068_S_0872,0,0,1,69.6,17,-9,A,A,C,C,A,A,C,C,16219
492,029_S_0845,0,0,1,80.3,16,-9,A,A,C,C,A,A,C,C,30165
493,133_S_1055,0,0,1,84.6,15,-9,G,A,C,C,A,A,C,C,23739
494,073_S_0386,0,0,0,72.3,13,-9,A,A,C,C,A,A,C,C,20038
495,130_S_0505,0,0,1,79.7,16,-9,A,A,C,C,A,A,T,C,18439
496,022_S_1351,0,0,0,71.8,12,-9,A,A,C,C,C,A,C,C,20518
497,057_S_0464,0,0,1,83.1,16,-9,A,A,C,C,A,A,C,C,21937
498,136_S_0426,0,0,1,79.6,16,-9,G,A,C,C,C,A,C,C,22809
499,057_S_0779,0,0,1,79.5,13,-9,A,A,C,C,A,A,C,C,22687
500,123_S_0108,0,0,1,78.2,18,-9,G,A,C,C,A,A,C,C,20279
501,009_S_0842,0,0,1,73.6,18,-9,G,A,C,C,C,A,C,C,23140
502,027_S_0256,0,0,1,70.1,20,-9,A,A,C,C,A,A,T,C,21138
503,137_S_0669,0,0,1,63.6,13,-9,A,A,C,C,A,A,C,C,24448
504,109_S_0777,0,0,0,75.1,7,-9,A,A,C,C,A,A,C,C,16219
506,022_S_0129,0,0,0,80.2,16,-9,G,A,C,C,C,A,C,C,19296
507,023_S_0388,0,0,1,71.2,15,-9,A,A,C,C,C,A,C,C,21817
508,114_S_1103,0,0,1,83,18,-9,G,A,C,C,A,A,C,C,22129
509,109_S_1192,0,0,0,69.6,14,-9,A,A,C,C,C,A,T,T,20581
510,014_S_0558,0,0,1,79.8,19,-9,A,A,C,C,A,A,C,C,22557
511,014_S_1095,0,0,0,80.3,12,-9,A,A,C,C,A,A,C,C,25384
512,005_S_0223,0,0,0,78,18,-9,A,A,C,C,A,A,C,C,21519
513,041_S_0598,0,0,1,72.3,20,-9,G,A,C,C,C,A,C,C,24743
514,011_S_0856,0,0,1,60.3,13,-9,G,A,C,C,A,A,C,C,23685
515,023_S_0331,0,0,0,64.6,14,-9,A,A,C,C,C,A,C,C,20525
516,116_S_0657,0,0,0,77.7,13,-9,A,A,C,C,A,A,C,C,21447
517,022_S_1366,0,0,1,73.6,4,-9,A,A,C,C,C,A,T,C,21754
518,116_S_1315,0,0,0,83.3,14,-9,A,A,C,C,C,A,C,C,19602
519,131_S_1301,0,0,0,72.1,18,-9,A,A,C,C,A,A,C,C,23132
520,033_S_0733,0,0,0,57.1,14,-9,G,A,C,C,C,A,T,C,17822
521,002_S_0938,0,0,0,82.2,16,-9,G,A,C,C,A,A,C,C,20455
522,032_S_0147,0,0,0,59.7,18,-9,A,A,C,C,A,A,C,C,21278
523,062_S_1182,0,0,0,76,18,-9,A,A,C,C,A,A,C,C,20797
524,007_S_0344,0,0,1,78.8,13,-9,A,A,C,C,A,A,C,C,21738
525,100_S_1226,0,0,1,82.6,16,-9,G,A,C,C,C,A,C,C,19556
526,007_S_0128,0,0,0,64.1,20,-9,G,A,C,C,C,A,C,C,17892
527,013_S_0240,0,0,1,88.3,16,-9,G,A,C,C,A,A,C,C,23855
528,027_S_0074,0,0,1,78.2,20,-9,A,A,C,C,C,A,C,C,21061
529,018_S_0369,0,0,1,76,18,-9,A,A,C,C,A,A,T,C,21114
530,041_S_1412,0,0,1,59.4,16,-9,A,A,C,C,C,A,C,C,26271
531,018_S_0633,0,0,1,83.3,11,-9,A,A,C,C,C,A,C,C,19679
532,041_S_0898,0,0,0,83.1,12,-9,G,A,C,C,C,A,C,C,23789
533,027_S_0485,0,0,1,64.4,16,-9,A,A,C,C,A,A,C,C,20450
534,052_S_1054,0,0,1,69.9,10,-9,A,A,C,C,A,A,C,C,21937
535,031_S_0821,0,0,1,79.2,14,-9,G,A,C,C,A,A,C,C,23602
536,033_S_1309,0,0,0,69.1,16,-9,G,A,C,C,A,A,C,C,20974
537,037_S_0501,0,0,1,77.9,13,-9,A,A,C,C,A,A,C,C,21111
538,033_S_1086,0,0,1,81.4,20,-9,A,A,C,C,C,A,C,C,21083
539,033_S_1016,0,0,0,78.3,13,-9,A,A,C,C,C,A,T,C,21159
540,131_S_0441,0,0,0,72.7,16,-9,A,A,C,C,A,A,C,C,22797
541,002_S_0685,0,0,0,89.6,16,-9,G,A,C,C,A,A,C,C,18241
542,131_S_0409,0,0,1,79.1,12,-9,A,A,C,C,C,A,C,C,25311
543,033_S_0513,0,0,1,68.9,18,-9,A,A,C,C,C,A,C,C,22546
544,131_S_0457,0,0,0,82.7,12,-9,A,A,C,C,C,A,C,C,19257
545,002_S_0729,0,0,0,65.1,16,-9,G,A,C,C,A,A,C,C,18094
546,131_S_0436,0,0,1,85,12,-9,G,A,C,C,A,A,C,C,18476
547,033_S_0514,0,0,1,80.7,20,-9,G,A,C,C,C,A,C,C,21465
548,133_S_0771,0,0,0,74.1,19,-9,A,A,C,C,A,A,C,C,18580
550,099_S_0054,0,0,0,81,20,-9,A,A,C,C,C,A,C,C,18798
551,073_S_1357,0,0,1,70.6,18,-9,A,A,C,C,A,A,C,C,22589
552,137_S_0973,0,0,1,76.8,20,-9,A,A,C,C,C,A,T,C,22658
553,022_S_0924,0,0,1,69.6,12,-9,G,A,C,C,A,A,C,C,20098
554,128_S_0528,0,0,0,70.8,13,-9,A,A,C,C,A,A,C,C,18203
555,099_S_0111,0,0,0,75.8,16,-9,A,A,C,C,C,A,C,C,22550
556,067_S_0828,0,0,0,77.4,16,-9,G,A,C,C,A,A,C,C,21842
557,131_S_1389,0,0,1,76.1,18,-9,A,A,C,C,A,A,T,C,22250
558,033_S_0734,0,0,1,72.6,18,-9,G,A,C,C,A,A,C,C,23287
559,002_S_1070,0,0,1,73.6,14,-9,A,A,C,C,A,A,C,C,21788
560,032_S_0187,0,0,1,77.1,16,-9,G,A,C,C,A,A,C,C,26499
561,036_S_1135,0,0,1,75.6,14,-9,A,A,C,C,A,A,C,C,20610
562,133_S_0913,0,0,0,56.6,15,-9,A,A,C,C,C,A,C,C,17146
563,137_S_0972,0,0,1,77.9,16,-9,G,A,C,C,A,A,T,C,23744
564,022_S_0004,0,0,1,67.5,10,-9,A,A,C,C,C,A,C,C,23829
565,137_S_0994,0,0,0,55.1,18,-9,G,A,C,C,A,A,C,C,19236
566,022_S_0961,0,0,1,72.8,16,-9,G,A,C,C,C,A,C,C,23338
567,100_S_0995,0,0,0,78.5,12,-9,A,A,C,C,A,A,C,C,19647
569,012_S_1321,0,0,1,83.2,20,-9,A,A,C,C,C,A,T,C,24175
570,057_S_0474,0,0,0,77.3,16,-9,A,A,C,C,C,A,C,C,21850
571,123_S_0088,0,0,1,65.6,8,-9,G,A,C,C,A,A,C,C,20260
572,123_S_0162,0,0,1,71.8,18,-9,A,A,C,C,C,A,T,C,25549
573,062_S_0535,0,0,1,76.8,15,-9,A,A,C,C,A,A,C,C,23771
574,073_S_0909,0,0,0,69.1,18,-9,A,A,C,C,A,A,C,C,18789
575,137_S_0631,0,0,1,77.1,14,-9,A,A,C,C,A,A,T,C,19810
576,068_S_1075,0,0,1,67.1,18,-9,G,A,C,C,A,A,C,C,27319
577,941_S_1295,0,0,1,76.7,16,-9,G,A,C,C,A,A,C,C,22969
578,136_S_1227,0,0,0,64.6,12,-9,G,A,C,C,C,A,C,C,18768
579,133_S_0792,0,0,1,73.5,16,-9,A,A,C,C,A,A,C,C,21926
580,067_S_0176,0,0,1,74.7,19,-9,A,A,C,C,C,A,C,C,20696
581,023_S_1262,0,0,0,72.7,12,-9,G,G,C,C,A,A,C,C,17994
582,100_S_0892,0,0,0,72.8,12,-9,A,A,C,C,A,A,T,C,19475
583,011_S_0053,0,0,1,80.1,12,-9,A,A,C,C,A,A,C,C,20814
585,012_S_0932,0,0,1,75.3,16,-9,A,A,C,C,A,A,C,C,21453
586,128_S_0715,0,0,0,80,13,-9,A,A,C,C,C,C,C,C,22104
587,023_S_0217,0,0,0,83.6,18,-9,A,A,C,C,A,A,C,C,18510
588,116_S_0360,0,0,1,73.1,18,-9,A,A,C,C,A,A,C,C,18293
589,023_S_0083,0,0,1,73.2,17,-9,G,A,C,C,C,A,C,C,18483
590,114_S_1118,0,0,1,82.5,12,-9,G,G,C,C,A,A,C,C,23435
591,023_S_0058,0,0,1,70.1,16,-9,G,A,C,C,A,A,C,C,22526
592,114_S_1106,0,0,0,74,18,-9,A,A,C,C,C,A,C,C,18666
593,114_S_0410,0,0,0,61.3,16,-9,A,A,C,C,A,A,C,C,22206
594,014_S_0557,0,0,1,72,20,-9,A,A,C,C,C,A,C,C,23328
595,014_S_0519,0,0,1,74.1,16,-9,G,A,C,C,A,A,C,C,22155
596,021_S_0642,0,0,1,84.5,16,-9,A,A,C,C,A,A,C,C,19248
597,098_S_0269,0,0,1,67.1,16,-9,G,A,C,C,C,C,C,C,22549
598,005_S_0814,0,0,0,71,16,-9,A,A,C,C,C,A,C,C,18805
599,021_S_0753,0,0,1,65.5,16,-9,G,G,C,C,C,A,C,C,23666
600,021_S_1109,0,0,0,77.8,17,-9,A,A,C,C,C,A,C,C,19118
602,033_S_0739,0,0,1,82.8,15,-9,A,A,C,C,A,A,C,C,24381
603,002_S_1261,0,0,0,71.1,16,-9,A,A,C,C,A,A,T,C,19962
604,032_S_0214,0,0,1,65.1,18,-9,A,A,C,C,A,A,C,C,26076
605,006_S_0731,0,0,1,71.5,18,-9,A,A,C,C,A,A,C,C,20505
606,014_S_0328,0,0,1,76.6,17,-9,A,A,C,C,C,C,C,C,24295
608,123_S_0113,0,0,1,75.2,20,-9,A,A,C,C,C,A,C,C,22614
609,130_S_1290,0,0,0,79.3,8,-9,A,A,C,C,C,A,C,C,21344
610,033_S_0741,0,0,0,80.3,18,-9,A,A,C,C,A,A,0,0,20447
611,002_S_1268,0,0,1,82.7,20,-9,G,G,C,C,A,A,C,C,20587
612,032_S_0400,0,0,1,69.2,18,-9,A,A,C,C,C,C,C,C,25672
613,041_S_1368,0,0,0,75.2,18,-9,A,A,C,C,C,C,C,C,20230
614,123_S_1300,0,0,0,73.4,12,-9,G,G,C,C,A,A,C,C,20222
615,114_S_0416,0,0,0,75.6,14,-9,G,G,C,C,A,A,C,C,17595
616,133_S_0488,0,0,0,70.9,16,-9,A,A,C,C,A,A,C,C,19628
617,099_S_0492,0,0,1,87.3,18,-9,G,A,C,C,C,A,C,C,23074
618,099_S_1144,0,0,1,77.4,13,-9,G,A,C,C,A,A,C,C,20918
619,031_S_0294,0,0,1,79.2,16,-9,A,A,C,C,A,A,C,C,22270
620,023_S_0916,0,0,1,79.7,16,-9,G,A,C,C,A,A,C,C,22535
621,037_S_0182,0,0,0,63.6,12,-9,A,A,C,C,C,A,C,C,21083
622,033_S_1281,0,0,0,77.6,16,-9,G,A,C,C,C,A,C,C,16869
623,036_S_1240,0,0,0,67,16,-9,G,A,C,C,C,A,C,C,23721
625,067_S_0257,0,0,0,78.5,6,-9,A,A,C,C,C,A,C,C,18050
626,023_S_0042,0,0,1,72.8,18,-9,G,A,C,C,A,A,C,C,19958
627,116_S_1249,0,0,0,70.8,15,-9,A,A,C,C,C,A,C,C,18166
628,041_S_1425,0,0,0,75.6,16,-9,A,A,C,C,C,A,C,C,17667
629,126_S_1187,0,0,1,76.4,12,-9,A,A,C,C,A,A,C,C,24402
631,123_S_0072,0,0,1,70.6,16,-9,A,A,C,C,A,A,C,C,22549
632,116_S_0487,0,0,1,76.4,20,-9,G,A,C,C,A,A,C,C,18355
633,067_S_0336,0,0,1,76.1,17,-9,A,A,C,C,A,A,C,C,21703
634,141_S_0982,0,0,0,80.2,16,-9,A,A,C,C,A,A,C,C,19611
635,029_S_0866,0,0,0,80,13,-9,A,A,C,C,C,A,C,C,17817
636,041_S_0446,0,0,1,88.8,11,-9,A,A,C,C,A,A,C,C,19812
637,067_S_0284,0,0,0,76.8,10,-9,A,A,C,C,C,C,C,C,21392
638,068_S_0802,0,0,0,80.9,8,-9,A,A,C,C,A,A,C,C,21124
639,029_S_0843,0,0,1,70.5,16,-9,G,A,C,C,A,A,C,C,23074
640,067_S_0098,0,0,0,84.4,16,-9,A,A,C,C,C,A,C,C,16426
641,041_S_0282,0,0,1,72.1,20,-9,A,A,C,C,A,A,C,C,16961
642,005_S_0929,0,0,1,82,14,-9,G,A,C,C,A,A,C,C,25544
644,010_S_0786,0,0,1,74.5,19,-9,G,A,C,C,A,A,C,C,21220
645,006_S_0681,0,0,0,76.8,19,-9,G,A,C,C,A,A,C,C,22082
646,013_S_0502,0,0,1,74.9,18,-9,A,A,C,C,C,A,C,C,19560
648,126_S_0680,0,0,1,77.8,8,-9,A,A,C,C,A,A,T,C,19424
649,018_S_0103,0,0,1,87.3,18,-9,A,A,C,C,C,A,C,C,26150
650,130_S_1337,0,0,1,71.4,16,-9,A,A,C,C,A,A,C,C,22301
651,023_S_0887,0,0,0,73.7,8,-9,G,A,C,C,C,A,C,C,19689
653,027_S_0404,0,0,0,87.8,14,-9,A,A,C,C,A,A,C,C,16993
654,012_S_0637,0,0,0,76.1,16,-9,G,A,C,C,A,A,C,C,18145
655,013_S_0325,0,0,0,70.6,18,-9,A,A,C,C,A,A,C,C,22144
656,057_S_0839,0,0,0,79.4,9,-9,A,A,C,C,A,A,C,C,16754
658,016_S_1028,0,0,0,76.9,7,-9,A,A,C,C,A,A,C,C,18293
659,020_S_0097,0,0,0,72.8,14,-9,A,A,C,C,A,A,C,C,23748
660,018_S_0286,0,0,1,65.9,16,-9,A,A,C,C,C,A,C,C,20709
661,036_S_0748,0,0,1,79.6,16,-9,G,A,C,C,A,A,C,C,23916
662,011_S_0326,0,0,1,76.9,16,-9,A,A,C,C,A,A,T,C,22564
663,130_S_0232,0,0,1,78,20,-9,A,A,C,C,A,A,C,C,22524
664,062_S_0793,0,0,1,68.9,20,-9,A,A,C,C,A,A,C,C,23371
665,137_S_0668,0,0,1,73.5,12,-9,G,A,C,C,C,A,C,C,21364
666,128_S_0740,0,0,1,72.2,15,-9,G,A,C,C,A,A,C,C,19216
667,027_S_1277,0,0,1,86.3,11,-9,A,A,C,C,A,A,C,C,19962
668,082_S_0641,0,0,1,74.4,14,-9,G,A,C,C,C,A,C,C,20797
669,018_S_0043,0,0,1,76.2,16,-9,A,A,C,C,A,A,C,C,21278
670,053_S_1044,0,0,1,65.6,13,-9,A,A,C,C,A,A,C,C,19929
671,067_S_0607,0,0,0,78,14,-9,A,A,C,C,C,C,C,C,18430
672,022_S_0014,0,0,0,78.5,12,-9,A,A,C,C,A,A,C,C,17516
673,136_S_0299,0,0,0,89.1,20,-9,A,A,C,C,A,A,C,C,20083
674,023_S_1104,0,0,0,64.5,12,-9,A,A,C,C,C,C,C,C,17807
675,128_S_0135,0,0,0,82.3,18,-9,A,A,C,C,A,A,C,C,21924
677,014_S_0169,0,0,0,71.9,16,-9,G,A,C,C,A,A,C,C,23417
678,114_S_0601,0,0,0,76.6,16,-9,G,A,C,C,A,A,C,C,19822
679,133_S_0493,0,0,1,77.5,20,-9,G,A,C,C,A,A,C,C,22651
680,128_S_1242,0,0,0,71.1,19,-9,A,A,C,C,A,A,0,0,18666
681,128_S_0205,0,0,0,66.5,18,-9,G,G,C,C,A,A,C,C,21577
682,022_S_0007,0,0,1,75.4,10,-9,G,A,C,C,C,A,C,C,18356
684,128_S_0167,0,0,1,76.4,16,-9,G,A,C,C,C,A,C,C,24315
685,128_S_0770,0,0,1,71.2,19,-9,A,A,C,C,A,A,C,C,20726
686,130_S_0289,0,0,1,67.7,16,-9,G,A,C,C,C,A,C,C,21802
687,068_S_0109,0,0,0,70.1,16,-9,A,A,C,C,A,A,C,C,17469
688,033_S_0889,0,0,0,72.5,16,-9,G,A,C,C,C,A,C,C,18428
689,037_S_1078,0,0,1,70.6,16,-9,A,A,C,C,A,A,C,C,19821
690,137_S_0686,0,0,1,72,20,-9,G,A,C,C,A,A,C,C,22988
691,941_S_1203,0,0,1,83.3,15,-9,A,A,C,C,C,A,C,C,17948
692,041_S_0125,0,0,1,73.7,18,-9,A,A,C,C,C,A,C,C,23613
693,114_S_0458,0,0,0,82.9,11,-9,G,A,C,C,C,A,T,C,18531
694,027_S_1254,0,0,1,84.3,11,-9,G,A,C,C,C,C,C,C,22402
695,128_S_0138,0,0,1,86.3,15,-9,A,A,C,C,C,A,C,C,19696
696,137_S_0301,0,0,0,73.4,13,-9,A,A,C,C,C,A,C,C,22057
697,128_S_0225,0,0,0,82.4,17,-9,G,A,C,C,A,A,C,C,18735
698,021_S_0273,0,0,1,62.8,12,-9,A,A,C,C,C,A,T,C,23665
699,126_S_0865,0,0,1,73.5,10,-9,A,A,C,C,A,A,C,C,24290
700,024_S_1171,0,0,1,71.5,12,-9,A,A,C,C,C,A,C,C,24930
701,027_S_1081,0,0,1,84.5,20,-9,G,A,C,C,C,A,C,C,23032
702,011_S_0241,0,0,1,81.8,16,-9,G,G,C,C,A,A,C,C,23776
703,128_S_1430,0,0,0,83.4,12,-9,G,A,C,C,A,A,C,C,16767
705,128_S_0863,0,0,1,79.1,15,-9,A,A,C,C,A,A,T,C,20931
707,002_S_0816,0,0,1,70.8,20,-9,A,A,C,C,C,A,T,C,21943
708,033_S_0725,0,0,1,80.9,20,-9,G,A,C,C,C,A,T,C,20343
709,128_S_0230,0,0,1,80,20,-9,A,A,C,C,A,A,C,C,26469
710,128_S_0272,0,0,0,70.4,19,-9,G,A,C,C,A,A,C,C,23613
711,011_S_0003,0,0,1,81.3,18,-9,A,A,C,C,A,A,C,C,22419
712,136_S_0196,0,0,0,78,18,-9,A,A,C,C,A,A,C,C,19108
713,114_S_0166,0,0,0,72.5,18,-9,A,A,C,C,C,A,C,C,18835
714,099_S_0533,0,0,0,81,12,-9,A,A,C,C,C,A,C,C,20743
715,021_S_0337,0,0,1,75.8,20,-9,G,A,C,C,C,A,C,C,24007
716,023_S_1306,0,0,0,74.5,14,-9,G,A,C,C,A,A,C,C,0
717,002_S_0954,0,0,0,69.3,14,-9,A,A,C,C,A,A,C,C,15441
719,141_S_0767,0,0,0,73,16,-9,G,G,C,C,C,A,C,C,18375
721,136_S_0579,0,0,0,65.4,18,-9,A,A,C,C,A,A,C,C,21697
722,016_S_1149,0,0,1,84.3,20,-9,A,A,C,C,A,A,C,C,18929
724,057_S_0818,0,0,0,74,10,-9,A,A,C,C,C,A,C,C,19941
726,057_S_1373,0,0,1,75.4,20,-9,A,A,C,C,A,A,C,C,18902
727,009_S_1354,0,0,0,58.9,16,-9,G,A,C,C,A,A,C,C,16005
729,098_S_0149,0,0,1,87.7,16,-9,A,A,C,C,A,A,C,C,22531
730,029_S_0824,0,0,0,76.2,13,-9,A,A,C,C,C,A,T,C,18395
731,068_S_0401,0,0,1,63.9,17,-9,G,A,C,C,C,A,C,C,24508
732,126_S_0709,0,0,1,83.8,8,-9,A,A,C,C,A,A,C,C,21841
733,010_S_0419,0,0,1,70.2,18,-9,A,A,C,C,A,A,C,C,21766
734,037_S_0467,0,0,0,81.1,12,-9,G,A,C,C,C,A,C,C,21055
736,013_S_1161,0,0,1,79.8,16,-9,G,A,C,C,A,A,0,0,23604
737,036_S_0760,0,0,0,69.4,12,-9,A,A,C,C,C,A,T,C,19440
738,012_S_1165,0,0,1,81.4,19,-9,A,A,C,C,A,A,C,C,20348
739,062_S_0578,0,0,0,77,14,-9,G,G,C,C,A,A,C,C,18026
740,941_S_1202,0,0,1,77.5,18,-9,A,A,C,C,C,A,C,C,22270
741,131_S_0691,0,0,1,64.3,16,-9,G,G,C,C,A,A,C,C,19554
742,021_S_0984,0,0,1,76.6,14,-9,G,A,C,C,A,A,C,C,26543
743,035_S_0156,0,0,1,74.1,17,-9,A,A,C,C,A,A,C,C,20774
744,052_S_0989,0,0,0,64.3,13,-9,A,A,C,C,A,A,C,C,18927
746,116_S_1243,0,0,1,77.3,16,-9,A,A,C,C,A,A,C,C,22541
747,141_S_0851,0,0,0,72.5,12,-9,G,A,C,C,C,A,C,C,20204
748,128_S_0611,0,0,0,71.9,16,-9,G,A,C,C,C,A,C,C,18208
749,941_S_1197,0,0,0,82.4,20,-9,A,A,C,C,A,A,C,C,18393
750,130_S_0956,0,0,0,63.8,7,-9,A,A,C,C,A,A,C,C,20524
751,941_S_1195,0,0,1,76.9,20,-9,A,A,C,C,C,C,C,C,21797
752,016_S_1092,0,0,1,74.3,16,-9,A,A,C,C,C,A,C,C,19149
753,128_S_0227,0,0,0,79.6,12,-9,A,A,C,C,C,A,C,C,18227
754,016_S_0991,0,0,0,86.3,10,-9,A,A,C,C,C,A,C,C,17108
755,010_S_0904,0,0,1,84.1,16,-9,G,A,C,C,A,A,C,C,26806
756,009_S_1030,0,0,1,67.4,20,-9,A,A,C,C,A,A,C,C,23866
757,029_S_0836,0,0,1,83.1,16,-9,A,A,C,C,C,A,C,C,24176
758,029_S_0878,0,0,1,72.3,14,-9,A,A,C,C,A,A,C,C,20581
759,007_S_0293,0,0,1,87.7,12,-9,A,A,C,C,A,A,C,C,22215
760,007_S_0698,0,0,1,74.3,18,-9,A,A,C,C,A,A,C,C,20886
761,100_S_0035,0,0,1,76.9,18,-9,A,A,C,C,C,A,C,C,21650
762,109_S_0950,0,0,1,73.5,17,-9,G,A,C,C,A,A,C,C,18476
763,137_S_0158,0,0,0,80.4,13,-9,A,A,C,C,A,A,C,C,18946
764,130_S_1201,0,0,0,75.5,16,-9,G,A,C,C,C,A,C,C,21916
765,023_S_0030,0,0,0,80,19,-9,A,A,C,C,A,A,C,C,21896
766,073_S_0746,0,0,0,73.8,18,-9,A,A,C,C,A,A,C,C,20990
767,130_S_0886,0,0,0,71.3,15,-9,A,A,C,C,A,A,C,C,18314
768,128_S_0229,0,0,0,74.4,16,-9,A,A,C,C,A,A,C,C,19286
769,029_S_1038,0,0,1,83.2,20,-9,A,A,C,C,A,A,C,C,19172
770,141_S_0717,0,0,1,76,12,-9,A,A,C,C,A,A,C,C,25058
771,029_S_1218,0,0,0,85.4,16,-9,G,G,C,C,C,A,C,C,23502
772,126_S_0405,0,0,1,76.1,7,-9,A,A,C,C,A,A,C,C,22627
776,068_S_0210,0,0,0,72.4,13,-9,A,A,C,C,C,A,C,C,18475
777,099_S_0060,0,0,1,70,20,-9,G,A,C,C,C,A,C,C,23950
779,009_S_1199,0,0,1,58.4,13,-9,G,G,C,C,A,A,C,C,21584
780,067_S_0076,0,0,1,78.3,12,-9,G,A,C,C,C,A,C,C,19888
781,052_S_0952,0,0,0,81.7,13,-9,G,A,C,C,C,A,C,C,19885
782,141_S_0697,0,0,1,86.8,17,-9,G,A,C,C,A,A,C,C,0
783,052_S_1352,0,0,1,85.9,16,-9,A,A,C,C,A,A,C,C,21584
784,016_S_1121,0,0,0,56.2,18,-9,A,A,C,C,A,A,C,C,24403
785,016_S_0354,0,0,1,75.8,16,-9,A,A,C,C,A,A,T,C,21086
786,016_S_0538,0,0,1,82.7,16,-9,G,A,C,C,A,A,T,C,22812
788,136_S_0086,0,0,0,80.3,18,-9,G,A,C,C,C,A,C,C,16937
789,057_S_1379,0,0,1,87.7,8,-9,G,A,C,C,A,A,C,C,22512
791,020_S_0213,0,0,1,62.9,18,-9,A,A,C,C,C,A,C,C,21608
794,037_S_0552,0,0,0,60.1,19,-9,G,A,C,C,C,A,C,C,20468
795,031_S_0554,0,0,1,71.6,14,-9,G,A,C,C,C,A,T,C,20640
796,013_S_0860,0,0,1,85.2,16,-9,A,A,C,C,A,A,T,C,24801
797,068_S_0478,0,0,1,56.1,16,-9,A,A,C,C,C,A,C,C,27980
798,114_S_0374,0,0,0,75.9,15,-9,A,A,C,C,A,A,C,C,21880
799,068_S_0473,0,0,1,72.6,18,-9,A,A,C,C,A,A,C,C,15437
800,036_S_0813,0,0,1,72.7,16,-9,A,A,C,C,A,A,C,C,22903
801,007_S_1222,0,0,0,73.4,16,-9,A,A,C,C,A,A,C,C,19386
803,128_S_0517,0,0,1,81.8,20,-9,A,A,C,C,A,A,C,C,20489
804,027_S_0408,0,0,1,82.2,20,-9,A,A,C,C,A,A,C,C,23389
805,133_S_0727,0,0,0,69.2,12,-9,A,A,C,C,A,A,C,C,19099
806,032_S_1037,0,0,1,73.7,19,-9,G,G,C,C,C,A,C,C,23995
807,116_S_0649,0,0,1,86.7,20,-9,A,A,C,C,C,A,C,C,19462
808,067_S_0812,0,0,0,71.5,14,-9,A,A,C,C,C,A,C,C,20798
809,031_S_0867,0,0,1,71.8,16,-9,G,A,C,C,A,A,0,0,21188
810,009_S_1334,0,0,1,64.2,15,-9,G,A,C,C,A,A,C,C,24023
813,013_S_0699,0,0,1,82,16,-9,G,A,C,C,C,A,C,C,21749
814,057_S_0934,0,0,0,70,10,-9,A,A,C,C,A,A,C,C,16590
815,141_S_1052,0,0,0,69,8,-9,A,A,C,C,A,A,T,C,22289
816,129_S_0778,0,0,1,72.4,13,-9,A,A,C,C,A,A,C,C,24000
817,053_S_0919,0,0,1,62.4,18,-9,A,A,C,C,A,A,C,C,23806
,,,,,,,,,,,,,,,,
,,,,,,,,,,,,,,,,
,,,,,,,,,,,,,,,,
,,,,,,,,,,,,,,,,
,,,,,,,,,,,,,,,,
,,,,,,,,,,,,,,,,
,,,,,,,,,,,,,,,,
,,,,,,,,,,,,,,,,
,,,,,,,,,,,,,,,,
,,,,,,,,,,,,,,,,
,,,,,,,,,,,,,,,,
,,,,,,,,,,,,,,,,
,,,,,,,,,,,,,,,,
,,,,,,,,,,,,,,,,
,,,,,,,,,,,,,,,,
,,,,,,,,,,,,,,,,
,,,,,,,,,,,,,,,,
,,,,,,,,,,,,,,,,
,,,,,,,,,,,,,,,,
,,,,,,,,,,,,,,,,
,,,,,,,,,,,,,,,,
,,,,,,,,,,,,,,,,
,,,,,,,,,,,,,,,,
,,,,,,,,,,,,,,,,
,,,,,,,,,,,,,,,,
,,,,,,,,,,,,,,,,
,,,,,,,,,,,,,,,,
,,,,,,,,,,,,,,,,
,,,,,,,,,,,,,,,,
,,,,,,,,,,,,,,,,
,,,,,,,,,,,,,,,,
,,,,,,,,,,,,,,,,
,,,,,,,,,,,,,,,,
,,,,,,,,,,,,,,,,
,,,,,,,,,,,,,,,,
,,,,,,,,,,,,,,,,
,,,,,,,,,,,,,,,,
,,,,,,,,,,,,,,,,
,,,,,,,,,,,,,,,,
,,,,,,,,,,,,,,,,
,,,,,,,,,,,,,,,,
,,,,,,,,,,,,,,,,
,,,,,,,,,,,,,,,,
,,,,,,,,,,,,,,,,
,,,,,,,,,,,,,,,,
,,,,,,,,,,,,,,,,
,,,,,,,,,,,,,,,,
,,,,,,,,,,,,,,,,
,,,,,,,,,,,,,,,,
,,,,,,,,,,,,,,,,
,,,,,,,,,,,,,,,,
,,,,,,,,,,,,,,,,
,,,,,,,,,,,,,,,,
,,,,,,,,,,,,,,,,
,,,,,,,,,,,,,,,,
,,,,,,,,,,,,,,,,
,,,,,,,,,,,,,,,,
,,,,,,,,,,,,,,,,
,,,,,,,,,,,,,,,,
,,,,,,,,,,,,,,,,
,,,,,,,,,,,,,,,,
,,,,,,,,,,,,,,,,
,,,,,,,,,,,,,,,,
,,,,,,,,,,,,,,,,
,,,,,,,,,,,,,,,,
,,,,,,,,,,,,,,,,
,,,,,,,,,,,,,,,,
,,,,,,,,,,,,,,,,
,,,,,,,,,,,,,,,,
,,,,,,,,,,,,,,,,
,,,,,,,,,,,,,,,,
,,,,,,,,,,,,,,,,
,,,,,,,,,,,,,,,,
,,,,,,,,,,,,,,,,
,,,,,,,,,,,,,,,,
,,,,,,,,,,,,,,,,
,,,,,,,,,,,,,,,,
,,,,,,,,,,,,,,,,
,,,,,,,,,,,,,,,,
,,,,,,,,,,,,,,,,
,,,,,,,,,,,,,,,,
,,,,,,,,,,,,,,,,
,,,,,,,,,,,,,,,,
,,,,,,,,,,,,,,,,
,,,,,,,,,,,,,,,,
